﻿<?xml version="1.0" encoding="UTF-8"?>
<!--
<modification symbol="OH">
	<element name="O">+1</element>
</modification>
<modification symbol="O">
	<element name="O">+1</element>
	<element name="H">-2</element>
</modification>
<modification symbol="OOH">
		<element name="O">+2</element>
</modification>
-->
<modificiations>
	<modification symbol="O">
		<element name="O">+1</element>
	</modification>
	<modification symbol="X">
		<element name="X">+1</element>
	</modification>
	<modification symbol="NO2">
		<element name="O">+2</element>
		<element name="N">+1</element>
		<element name="H">-1</element>
	</modification>
	<modification symbol="I">
		<element name="I">+1</element>
		<element name="H">-1</element>
	</modification>
	<modification symbol="Cl">
		<element name="Cl">+1</element>
		<element name="H">-1</element>
	</modification>
	<modification symbol="Br">
		<element name="Br">+1</element>
		<element name="H">-1</element>
	</modification>
	<modification symbol="Fl">
		<element name="Fl">+1</element>
		<element name="H">-1</element>
	</modification>
	<modification symbol="">
	</modification>
</modificiations>	 


